{"resourceId":"_defaultProcess","properties":{"name":"hello","documentation":"","auditing":"","monitoring":"","executable":"true","package":"defaultPackage","id":"hello","version":"","author":"tsurdilo","language":"English","namespaces":"","targetnamespace":"http://www.omg.org/bpmn20","expressionlanguage":"http://www.w3.org/1999/XPath","typelanguage":"http://www.w3.org/2001/XMLSchema","creationdate":"","modificationdate":""},"stencil":{"id":"BPMNDiagram"},"childShapes":[{"resourceId":"_D469B734-5518-46B2-9AEB-C4D2ABFD4E9D","properties":{"name":"Start","documentation":"","auditing":"","monitoring":"","eventdefinitionref":"","eventdefinitions":"","dataoutputassociations":"","dataoutput":"","outputset":"","bgcolor":"#ffffff","trigger":"None"},"stencil":{"id":"StartNoneEvent"},"childShapes":[],"outgoing":[{"resourceId":"_4A5065B3-8B33-4B45-A2E0-0D4B589A0558"}],"bounds":{"lowerRight":{"x":415,"y":213},"upperLeft":{"x":385,"y":183}},"dockers":[]},{"resourceId":"_50EEF545-CD3F-487B-BAA1-37DF671E1410","properties":{"name":"Hello","documentation":"","auditing":"","monitoring":"","categories":"","startquantity":1,"completionquantity":1,"isforcompensation":"","assignments":"","callacitivity":true,"tasktype":"Script","implementation":"webService","resources":"","messageref":"","operationref":"","instantiate":"","script":"System.out.println(\"Hello\");","script_language":"Java","inmessagetype":"","outmessagetype":"","servicename":"","namespace":"","operation":"","porttype":"","wsdlurl":"","bgcolor":"#b1c2d6","looptype":"None","testbefore":"","loopcondition":"","loopmaximum":"","loopcardinality":"","loopdatainput":"","loopdataoutput":"","inputdataitem":"","outputdataitem":"","behavior":"all","complexbehaviordefinition":"","completioncondition":"","onebehavioreventref":"signal","nonebehavioreventref":"signal","properties":"","datainputset":"","dataoutputset":""},"stencil":{"id":"Task"},"childShapes":[],"outgoing":[{"resourceId":"_EE09B72D-655B-4D1B-A831-25C7E393B4E0"}],"bounds":{"lowerRight":{"x":560,"y":238},"upperLeft":{"x":460,"y":158}},"dockers":[]},{"resourceId":"_4A5065B3-8B33-4B45-A2E0-0D4B589A0558","properties":{"name":"","documentation":"","auditing":"","monitoring":"","conditiontype":"None","conditionexpression":"","isimmediate":"","showdiamondmarker":""},"stencil":{"id":"SequenceFlow"},"childShapes":[],"outgoing":[{"resourceId":"_50EEF545-CD3F-487B-BAA1-37DF671E1410"}],"bounds":{"lowerRight":{"x":459.15625,"y":199},"upperLeft":{"x":415.609375,"y":197}},"dockers":[{"x":15,"y":15},{"x":50,"y":40}],"target":{"resourceId":"_50EEF545-CD3F-487B-BAA1-37DF671E1410"}},{"resourceId":"_3716BA1C-AF84-4A46-9486-A98B758D2227","properties":{"name":"End","documentation":"","auditing":"","monitoring":"","eventdefinitionref":"","eventdefinitions":"","datainputassociations":"","datainput":"","inputset":"","bgcolor":"#ffffff","trigger":"None"},"stencil":{"id":"EndNoneEvent"},"childShapes":[],"outgoing":[],"bounds":{"lowerRight":{"x":633,"y":212},"upperLeft":{"x":605,"y":184}},"dockers":[]},{"resourceId":"_EE09B72D-655B-4D1B-A831-25C7E393B4E0","properties":{"name":"","documentation":"","auditing":"","monitoring":"","conditiontype":"None","conditionexpression":"","isimmediate":"","showdiamondmarker":""},"stencil":{"id":"SequenceFlow"},"childShapes":[],"outgoing":[{"resourceId":"_3716BA1C-AF84-4A46-9486-A98B758D2227"}],"bounds":{"lowerRight":{"x":604.375,"y":199},"upperLeft":{"x":560.390625,"y":197}},"dockers":[{"x":50,"y":40},{"x":14,"y":14}],"target":{"resourceId":"_3716BA1C-AF84-4A46-9486-A98B758D2227"}}],"bounds":{"lowerRight":{"x":1485,"y":1050},"upperLeft":{"x":0,"y":0}},"stencilset":{"url":"bpmn2.0jbpm","namespace":"http://b3mn.org/stencilset/bpmn2.0#"},"ssextensions":[]}