{
	"extensions": [
		{
			"title" : "jBPM BPMN2 Minimal Subset",
			"namespace" : "http://b3mn.org/stencilset/bpmn2.0minimal#",
			"description":"A subset of JBPM BPMN2",
			"definition":"bpmn2.0jbpmminimal/bpmn2.0jbpmminimalsubset.json",
			"extends":"http://b3mn.org/stencilset/bpmn2.0#"
		}
	],
	"perspectives": [
		{
			"title":"jBPM BPMN2 (Full)",
			"namespace":"http://b3mn.org/stencilset/bpmn2.0#",
			"description":"jBPM Full BPMN2 Features",
			"stencilset":"http://b3mn.org/stencilset/bpmn2.0#",
			"removeExtensions" : [
				"http://b3mn.org/stencilset/bpmn2.0minimal#"
			],
			"addExtensions" : []
		},
		{
			"title":"jBPM BPMN2 (Minimal)",
			"namespace":"http://b3mn.org/stencilset/bpmn2.0minimal#",
			"description":"jBPM Minimal BPMN2 Features",
			"stencilset":"http://b3mn.org/stencilset/bpmn2.0#",
			"removeExtensions" : [],
			"addExtensions" : [
				"http://b3mn.org/stencilset/bpmn2.0minimal#"
			]
		}
	]
}
