<?xml version="1.0" encoding="utf-8"?>

<profiles>
    <profile name="jbpm" stencilset="bpmn2.0jbpm">
        <plugin name="ORYX.Plugins.SelectStencilSetPerspective"/>
        <plugin name="ORYX.Plugins.Toolbar"/>
        <plugin name="ORYX.Plugins.ProcessInfo"/>
        <plugin name="ORYX.Plugins.JPDLMigration"/>
        <plugin name="ORYX.Plugins.ServiceRepoIntegration"/>
        <plugin name="ORYX.Plugins.Footer"/>
        <plugin name="ORYX.Plugins.UUIDRepositoryDummySave"/>
        <plugin name="ORYX.Plugins.ShapeMenuPlugin"/>
        <plugin name="ORYX.Plugins.ShapeRepository"/>
        <plugin name="ORYX.Plugins.PropertyWindow"/>
        <plugin name="ORYX.Plugins.CanvasResize"/>
        <plugin name="ORYX.Plugins.View"/>
        <plugin name="ORYX.Plugins.DragDropResize"/>
        <plugin name="ORYX.Plugins.RenameShapes"/>
        <plugin name="ORYX.Plugins.Undo"/>
        <plugin name="ORYX.Plugins.Arrangement"/>
        <plugin name="ORYX.Plugins.Grouping"/>
        <plugin name="ORYX.Plugins.DragDocker"/>
        <plugin name="ORYX.Plugins.AddDocker"/>
        <plugin name="ORYX.Plugins.SelectionFrame"/>
        <plugin name="ORYX.Plugins.ShapeHighlighting"/>
        <plugin name="ORYX.Plugins.Edit"/>
        <plugin name="ORYX.Plugins.KeysMove"/>
        <plugin name="ORYX.Plugins.Layouter.EdgeLayouter"/>
        <plugin name="ORYX.Plugins.SyntaxChecker"/>
        <plugin name="ORYX.Plugins.RegexTextEditor"/>
        <plugin name="ORYX.Plugins.ConstraintExpressionEditor"/>
        <plugin name="ORYX.Plugins.Overlay"/>
        <plugin name="ORYX.Plugins.Dictionary"/>
        <plugin name="ORYX.Plugins.CanvasTitle"/>
        <plugin name="ORYX.Plugins.InlineTaskFormEditor"/>
        <plugin name="ORYX.Plugins.ExtendedDataAssignmentEditor"/>
        <plugin name="ORYX.Plugins.FieldDataAssignmentEditors"/>
        <!-- <plugin name="ORYX.Plugins.ServiceNodeEditor"/> -->
        <plugin name="ORYX.Plugins.NodeXMLViewer"/>
        <plugin name="ORYX.Plugins.Theme"/>
        <plugin name="ORYX.Plugins.LockNode"/>
        <plugin name="ORYX.Plugins.Simulation"/>
        <plugin name="ORYX.Plugins.SimulationResults"/>
        <plugin name="ORYX.Plugins.DockerCreation"/>
        <plugin name="ORYX.Plugins.TaskPropertiesUpdater"/>
        <plugin name="ORYX.Plugins.VoiceCommand"/>
        <plugin name="ORYX.Plugins.PatternCreator"/>
        <plugin name="ORYX.Plugins.LocalHistory"/>
        <externalloadurl protocol="http" host="localhost:8080"
                         subdomain="drools-guvnor/org.drools.guvnor.Guvnor/oryxeditor" usr="admin" pwd="admin"/>
        <localhostory enabled="true" timeout="60000"/>
    </profile>
</profiles>
